{
  "IcoMoonType": "selection",
  "icons": [
    {
      "icon": {
        "paths": [
          "M702.089 140.662c-72.411-18.115-144.825-54.345-199.134-108.69-54.309 54.345-126.723 90.575-199.134 108.69 18.102 163.034 72.411 271.723 199.134 362.299 126.723-90.576 199.134-199.265 199.134-362.299z",
          "M629.66 815.155l-506.89-597.794v289.84l398.272 452.873 108.618-144.919z",
          "M683.978 760.821l217.239-253.611v-271.724l-343.959 398.529 126.72 126.805z",
          "M702.083 851.396v163.035l199.137-235.494v-163.035l-199.137 235.494z",
          "M321.906 851.396l-199.135-235.494v163.035l199.135 235.494v-163.035z"
        ],
        "attrs": [
          {
            "fill": "rgb(255, 199, 39)"
          },
          {
            "fill": "rgb(251, 251, 251)"
          },
          {
            "fill": "rgb(251, 251, 251)"
          },
          {
            "fill": "rgb(251, 251, 251)"
          },
          {
            "fill": "rgb(251, 251, 251)"
          }
        ],
        "isMulticolor": true,
        "isMulticolor2": false,
        "grid": 0,
        "tags": [
          "лого Money Guard 2"
        ],
        "colorPermutations": {
          "2512512511255199391": [
            {
              "f": 0
            },
            {
              "f": 1
            },
            {
              "f": 1
            },
            {
              "f": 1
            },
            {
              "f": 1
            }
          ]
        }
      },
      "attrs": [
        {
          "fill": "rgb(255, 199, 39)"
        },
        {
          "fill": "rgb(251, 251, 251)"
        },
        {
          "fill": "rgb(251, 251, 251)"
        },
        {
          "fill": "rgb(251, 251, 251)"
        },
        {
          "fill": "rgb(251, 251, 251)"
        }
      ],
      "properties": {
        "order": 2,
        "id": 0,
        "name": "-Money-Guard-2",
        "prevSize": 32
      },
      "setIdx": 0,
      "setId": 2,
      "iconIdx": 0
    }
  ],
  "height": 1024,
  "preferences": {
    "showGlyphs": true,
    "showQuickUse": true,
    "showQuickUse2": true,
    "showSVGs": true,
    "fontPref": {
      "prefix": "icon-",
      "metadata": {
        "fontFamily": "icomoon"
      },
      "metrics": {
        "emSize": 1024,
        "baseline": 6.25,
        "whitespace": 50
      },
      "embed": false
    },
    "imagePref": {
      "prefix": "icon-",
      "png": true,
      "useClassSelector": true,
      "color": 0,
      "bgColor": 16777215,
      "classSelector": ".icon",
      "name": "icomoon"
    },
    "historySize": 50,
    "showCodes": true,
    "gridSize": 16
  }
}